URL;TITLE;STATUSCODE;EMAILS
http://www.moodle.neumann-nordenham.de;... die K√ºste lernt online;404;
https://academy.afrogeek.fr;Accueil | AGA;404;info@afrogeek.fr
http://kurse.41campus.com;41 Campus - Ein Projekt der Dirk Nowitzki-Stiftung;404;
https://academy.charismaschmiede.de;Academy;404;
http://moodle.adam-von-trott-schule.de;Adam-von-Trott-Schule-Moodle;404;e.maier@avtsontra.de,b.giesen@avtsontra.de
https://ac-heiligenhaus.lms.schulon.org;Startseite | Adolf-Clarenbach-Schule;404;
http://194.164.196.179/moodle;Startseite | Lern-Management-System;404;
https://moodle.kanu-akademie.de;DKV Kanu Akademie;404;akademie@kanu.de
https://moodle4.svenstemmler.de;#Sogeht by Sven Stemmler;404;
https://akademie.astendo.de;akademie.astendo.de;404;vertrieb@astendo.de,info@astendo.de
https://4cyber.app;Startseite | 4Cyber - Smart management of information security.;404;info@datenbeschuetzerin.de
https://moodle.aktivschule.de;Startseite | Aktiv-Schule-Emleben;404;
https://akd-ekbo-moodle.de;Amt f√ºr kirchliche Dienste (AKD) ‚Äì Moodle;404;
https://moodle.dhg-rw.de;Startseite | AMG/DHG;404;
https://alpha-schule-online.de;Startseite | Alpha-Schule-Online;404;
https://bbs-bass.moodle-nds.de;Startseite | bbs_bass;404;
https://ich-lerne-feuerwehr.de;Ausbildung in der Feuerwehr;404;
https://ats-personalexpertise.edvkunde.de;Startseite | ats-personalexpertise;404;
https://bentholeum.de;Willkommen im Bentholeum !;404;info@bentho-bs.de
https://moodle.arcoworld.de;Arcoworld-Moodle;404;
https://akademie.manipulationsabwehr.de;Startseite | Erkennen - durchschauen - verstehen;404;
https://bbs2nom.moodle-nds.de;Startseite | BBS2NOM;404;buero@bbs2-northeim.de
https://bep-connect.de;Startseite | BEP-Connect;500;bep-fachberatung@ifp.bayern.de,bep_hessen@ifp.bayern.de
https://akademie.boardway.org;boardway Akademie;404;
https://moodle.ak-internet.de;AKI - Lernwelt;404;
https://unity.amram-community.de;Startseite | AMRAM;404;
https://bayika-lernplattform.de;Startseite | Home;404;akademie@bayika.deBayerische,ncheninfo@bayika.dewww.bayika.de,akademie@bayika.de,info@bayika.de
https://akzept-online.lernerfolg.info;Startseite | Home;500;
https://bvs.moodleschule.de;Startseite | Bertha-von-Suttner-Gesamtschule Dormagen;404;
https://becoachacademy-online.com;BeCoach Academy Online Learning;404;contact@becoach-academy.com
http://intranet-josephinum.de;Bisch√∂fliche Gymnasium Josephinum - Intranet;404;
https://wuppertal.abitur-online.net;Startseite | Abitur-online - WBK Wuppertal;404;antje.hantel@wbk-wuppertal.de,stefanie.schoenenstein@wbk-wuppertal.de,stefanie.schumacher@wbk-wuppertal.de,maria.kapaltsidou@wbk-wuppertal.de,christoph.scheuss@wbk-wuppertal.de,eva.simon@wbk-wuppertal.de
https://portal.beat-learning.info;Berufliche Bildung erneuern f√ºr die automobile Transformation;404;stefanie.seitz@ikts.fraunhofer.de,daniela.klaus@ikts.fraunhofer.de,jhuenniger@automotive-thueringen.de,johanna.sittel@uni-jena.de,thomas.rehfeldt@uni-jena.de
https://moodle.virtual-acoustics.org;A digital and interactive learning platform;404;
http://dora-klindt.de;Amelie Petersen Schulforum;404;
https://boeckler-schule.moodlecloud.com;MoodleCloud - Site is currently suspended;404;
https://learning.alshamcenter.net;ÿßŸÑÿµŸÅÿ≠ÿ© ÿßŸÑÿ±ÿ¶Ÿäÿ≥Ÿäÿ© | ŸÖÿ±ŸÉÿ≤ ÿßŸÑÿ¥ÿßŸÖ;404;alhussein@alshamcenter.de
http://107.152.38.231/moodle;Hier k√∂nnen Sie sich anmelden | Klavierhof;404;
https://503149.logineonrw-lms.de;Startseite | ZfsL Aachen;500;
https://bbs-brinkstrasse.moodle-nds.de;Startseite | BBS Brinkstra√üe;404;
https://phytomedizin-akademie.de;Akademie f√ºr Phytomedizin Hamburg;404;info@phytomedizin-akademie.de
https://hochsensibel-akademie.de;Startseite | Akademie f√ºr Hochsensibilit√§t;404;post@sensibilitaet-macht-stark.de
https://moodle.archimedes-gs.de;Startseite | Archimedes Grundschule;404;
https://moodle25.kfz-aufgaben.de;E-Learning Fahrzeugtechnik;404;
https://moodle.pflegeschule-mosbach.de;Startseite | Home;500;
https://170768.logineonrw-lms.de;Startseite | ADBK-Moodle 2023;500;
https://kurs.bibel-fuer-alle.net;Bibel f√ºr alle;404;
https://metall-aufgaben.de;Startseite | BS1;404;kontakt@metall-aufgaben.de
https://academy.busads.de;BusAds Academy;404;
https://campus.bfw.de;Startseite | bfw-Campus;500;campus@bfw.de
https://arbeitsheft.online;Startseite | arbeitsheft.online;404;
https://byak-akademie.de;Akademie der Bayerischen Architektenkammer;404;
https://www.xn--brgerlabor-9db.de;B√ºrgerlabor;404;
https://www.buddhistisches-onlinestudium.de;Startseite | Buddhistisches Online Studium;404;info@buddhistisches-onlinestudium.de
https://moodle.gymrhein.de;Moodle - Gymnasium Rheindahlen;404;
https://akademie-onlineplattform.de;Akademie der RUB;404;info@akademie.rub.de,blanca.wannoeffel@akademie.ruhr-uni-bochum.de
https://bluecloud.academy;Welcome to the Bluecloud Academy!;404;Bluecloud@gmx.org
https://moodle.blueakademie.de;Home | BlueAkademie;404;info@blueakademie.de,contact@blueakademie.de
https://moodle.brmi-akademie.de;Startseite | brmi-Akademie;404;
http://www.dbs-postgraduierung.de;dbs-Postgraduierung;404;postgrad-anmeldung@dbs-ev.de
https://bvl-unterricht.de;BVL-Unterricht;404;
https://dsb-kreiskleve.schulon.org;Startseite | dsb-kreiskleve;404;Datenschutz-Schulen@kreis-kleve.de
https://www.das-onlinecoaching.de;¬†;200;koch@das-onlinecoachng.de,koch@das-onlinecoachng.com,koch@das-onlineCoaching.com,20koch@das-onlinecoachng.de
https://certification.drgellner.de;Zertifizierung;404;
http://moodle.das-lernzentrum.de;Das Lernzentrum LMS;404;
http://schulung.derimker.de;Imkerschulung;404;webmaster@derimker.de
http://moodle.nb-braun.de;Die Moodle-Seite von Norbert Braun;404;
https://learn.clearstone-academy.de;Clearstone Academy;404;
https://moodle.wiegrefe.info;Web Content Management Systeme;404;
https://moodle.bzg-lippe.de;Startseite | moodle.bzg-lippe.de;404;
https://bsw.education;Startseite | bsw education;404;
https://dvs-beregnung.moodlecloud.com;MoodleCloud - Site is currently suspended;404;
https://www.clincademy.de;Clincademy;404;info@clincademy.de
http://www.latein-onlinekurs.de;E-Latinum Videokurs;404;
https://mconsult-moodle.de;Moodle;404;kontakt@mconsult-info.com
http://moodle.computerschule50plus.net;Computerschule50plus Moodle;404;info@computerschule50plus.net
https://akademie.datenbeschuetzerin.de;Startseite | Akademie;404;
https://akademie.bluechange.de;Blue Change Akademie;404;
https://moodle.djjv.de;Deutscher Ju-Jutsu Verband e.V.;404;jugend@djjv.de
https://courses.ar4steam.eu;AR4STEAM Online Training;404;
https://moodle.tencos.de;Startseite | TENCOS;404;
https://www.dsap-online.com;DSAP Akademie;404;
https://elearning.leb.de;LEB-eLearning;404;
https://159992.logineonrw-lms.de;Startseite | Perspektiven schaffen im Herzen von Tannenbusch;500;
https://189870.logineonrw-lms.de;Startseite | LMS Moodle der AFG;500;
https://diakonielernt.de;Startseite | Home;500;
https://moodle.digihomeschooling.com;Home | Digi-Homeschooling;404;info@digihomeschooling.com
https://elearning.flbk-hamm.de;Friedrich-List-Berufskolleg eLearning;404;
https://moodle.ems-berufskolleg.de;Startseite | Moodle@Ems-BK;404;
https://lms.lernen-bohlscheid.de;Startseite | Unser digitales Bildungsangebot f√ºr Sie;500;
https://fruehe-demokratiebildung.de;Partizipation und Demokratiebildung in der Kindertagesbetreuung;200;demokratie-kita@paritaet-berlin.de
https://moodle.bzhl.tu-berlin.de;Startseite | BZHL-Moodle;404;
https://demeter.lernerfolg.info;Startseite | Home;500;silke.runge-jelich@demeter.de,lena.vonkleist@demeter.de
https://199291.logineonrw-lms.de;Startseite | Lernmanagementsystem des Landes NRW;500;
https://www.nephrologische-akademie.de;eAkademie;404;
https://academy.dme-gmbh.de;Desalination Institute DME;404;office@dme-gmbh.deWebsite,info@dme-gmbh.de,office@dme-gmbh.de
https://kurs.deutschprofi.de;Startseite | Deutschprofi;404;
https://learning.noack.digital;Startseite | Digital-Learning;404;
https://edu.bbsv-education.de;eLearning-Plattform des BBSV;404;info@bbsv.de
https://113591.logineonrw-lms.de;Startseite | Lernmanagementsystem des Landes NRW;500;
https://emros.moodle-nds.de;Startseite | Moodle;404;
https://elearning.caesarsystems.de;eLearning by CaesarSystems;404;
https://doemens-online-campus.de;Startseite | Doemens Online-Campus;500;plapperer@doemens.org
https://ecampus.religio-altenberg.de;eCampus - Religio Altenberg;404;info@kja.de
https://my.dronelions.academy;Moodle;404;
https://cc.bbs1emden.de;Startseite | CC (BBS I Emden);404;admincc@bbs1emd.de
https://www.e-vidia.org;Startseite | e-vidia_LMS;404;info@liveonlineschule.de
https://academy.colcons.de;COLCONS Academy by Dr. Daniel B√ºttner;404;academy@colcons.de
https://moodle.energie-m.de;Startseite | energie-m;404;
https://www.th-academy.de;Startseite | th-academy.de;404;
https://e-schooling-reinicke.de;E-Schooling Reinicke;404;
https://live.eloquamuc.de;Startseite | EloquaOnline;404;
http://cms3.gft-erasmus.de;Education Train;404;
https://www.easyelearning.academy;Easy E Learning Academy;404;
https://elisl.org;Startseite | eLiSL;404;
https://julianum.moodle-nds.de;Startseite | julianum;404;hpadmin@julianum.eu
https://dio.moodleschule.de;Startseite | Dioschule;404;lisa.gloeckner@alte-synagoge.essen.de,benedikt.spies.essen@gmail.com
https://learning.erasmus-compass.org;Erasmus Compass Learning Center;404;
https://elearning-med.uni-heidelberg.de;Medizinische Fakult√§t Heidelberg;404;studiendekanat@med.uni-heidelberg.de
https://www.edufox24-learning.de;edufoXperience;404;
https://endlessbrain.me;Home | Einfach Wissen;404;
https://elearning.rawe-hermetics.de;eLearning von rawe hermetics;404;info@rawe-hermetics.de
https://englishwithease-lernplattform.de;Let's get learning!;404;
https://lms.sjf.solutions;Startseite | LMS SJF.solutions;404;
https://www.e-washboard.eu;E-WASHBOARD;404;info@e-washboard.eu
https://elearning.prisecon.de;Startseite | PriSeCon-learning;404;
https://drk-um-ost.com;Startseite | LARA | DRK-KV Uckermark Ost e.V.;404;digital@drk-um-ost.de
https://elearning.hospiz-akademie.org;eLearning Hospiz-Akademie Bamberg;404;
https://moodle.ernesti.org;Startseite | Ern;404;
https://moodle.ets-kniebis.de;ETS Moodle System;404;info@ets-kniebis.de
https://www.fegimeacademy.com;Fegime Academy;404;
https://fakt.life-bildungsnetz.de;Startseite | Forschungstransfer in Aus- und Weiterbildung zur Klimaanpassung in Technikbranchen;404;fakt@life-online.de
https://europaeische-heimatakademie.de;Europ√§ische Heimatakademie;404;veranstaltung@bhu.de,b.skala@heimatbund.de,heimatakademie@bhu.de
https://evolscheducation.com;evolscheducation  platform;404;evolsch@gmail.com
https://moodle2.agenturonline.net;Startseite | WB-M2;404;info@weihnachtsbuero.de
https://training.eurem.net;Home | EUREM Training;500;
https://www.franz-heinzmann-akademie.de;Franz-Heinzmann-Akademie;404;
http://wbt.logistics-akademie.de;FR8 solutions GmbH - Logistics Akademie - Luftsicherheitsschulungen;404;
https://moodle.familienbildung-in-nrw.de;Startseite | Home;500;
https://lehrgang-baubiologie.de;Startseite | Fernlehrgang Baubiologie IBN;500;
https://moodle.eu-citizen.science;Home | ECS Academy;404;
https://www.efk-fft.de;Startseite | Elektrofachkraft f√ºr festgelegte T√§tigkeiten - SEMIN-EA.DE;404;
https://show.elearning-erkunden.de;Startseite | Home;404;krueger@life-online.de
https://lms.eubia.de;EuBiA Education LMS;200;
https://moodle.skv-yamato.de;"SKV ""Yamato"" R√ºgen e.V. - Fernschule";404;20frank.nagel@skv-yamato.de,frank.nagel@skv-yamato.de,fnagel@t-online.de
https://schule.explorarium.de;Startseite | eXplorarium-Start;404;
https://courses.golinklaw.com;Home | Courses;404;
https://www.bildung-pflege-moodle.de;Startseite | EPA PE;404;
https://moodle.fibl-akademie.de;Startseite | FiBL-Akademie;404;akademie@fibl.org
https://ausbildung.fitcom.online;Home | Fitcom;404;
https://fearlessengineers.de;Lerne ELEKTROTECHNIK und PROGRAMMIEREN;404;
https://online.atingi.org;Home | atingi;200;
https://learning.intranet-support.eu;Learning Portal;404;
https://academy.fwbarchiv.de;Home | mfxa;404;frau.koedel@medienfux.de
https://learn.afrogeekacademy.com;Learn with Geek237;404;info@geek237.com
https://moodle.ggs365.de;Startseite | Moodle;404;
https://www.studienkoordination.de;GCP-Schulung | GCP;200;info@studienkoordination.de
https://102647.logineonrw-lms.de;Startseite | Lernmanagementsystem des Landes NRW;500;
https://moodle-geo.de;Geographie trifft Moodle;404;
https://ausbildung.ff-ludwigsfelde.de;Feuerwehr Ludwigsfelde;404;ausbildung@feuerwehr-ludwigsfelde.de
https://moodle.gf-a.de;GFA E-Learning Plattform;404;
https://100042.logineonrw-lms.de;Startseite | Lernmanagementsystem des Landes NRW;500;
https://fachinformatiker-bonn.de;Startseite | Start;404;Tom.Schardt@Fachinformatiker-Bonn.de,Tom.Schardt@Fachinformatiker-Bonn.DE
https://199680.logineonrw-lms.de;Startseite | Gesamtschule Lohmar;500;admin.moodle@gesamtschule-lohmar.de
https://131313.logineonrw-lms.de;Startseite | Lernmanagementsystem;500;
https://gpa-moritzburg.de;Gemeindep√§dagogische Ausbildung am Philippus-Institut f√ºr berufsbegleitende Studien in Moritzburg;404;
https://moodle.gym-voh.de;Startseite | Gymnasium Vohwinkel;404;moodle@gym-voh.de
https://hbs-moodle.de;Startseite | HBS-Moodle;404;s.dahlmeier@herwig-blankertz-schule.de,f.posselt@herwig-blankertz-schule.de
https://183027.logineonrw-lms.de;Startseite | Willkommen an der Longenburgschule;500;longenburgschule@gs-niederdollendorf.de
https://www.bbw-heinrich-haus.de;Startseite | Online-Campus;404;hello@edumy.com
https://107177.logineonrw-lms.de;Startseite | Willkommen auf der Seite der GGS Sandheide;500;
https://194098.logineonrw-lms.de;Startseite | LogineoNRW LMS;500;
https://105417.logineonrw-lms.de;Startseite | GS Meigen- LMS;500;
http://hs-campus.de;Hot Sport Campus;404;
https://moodle.heurekanet.de;HeurekaNet | Fortbildung;404;info@heurekanet.de
https://124552.logineonrw-lms.de;Startseite | LMS der Grundschule Oldentrup;500;
https://feuerwehr-langenfeld.lernerfolg.info;Startseite | Home;500;
https://y.kreativ-computerschule.de;Kreativ- Computerschule online Webinare;404;
http://schule.gruppenfairpflegung.de;Hygienebelehrung - Belehrung nach ¬ß43 IfSG;404;
https://www.sprachenfabrik-bildungsportal.de;Startseite | Sprachenfabrik;404;bildungsportal@sprachenfabrik.de
https://elearning.iik-duesseldorf.de;IIK Online-Trainingszentrum;404;
https://128880.logineonrw-lms.de;Startseite | Grundschule am Volkspark Bochum;500;
https://dresden.ihk-online-akademie.de;Startseite | IHK.Online-Akademie Dresden;500;
https://moodle.imtb.de;Startseite | IMTB Moodle;404;
https://academy.indeson.net;Home | Academy;404;
https://hpo-ist-akademie.moodlecloud.com;Startseite | HPO-IST: Akademie;404;
https://i-a-textilreinigung.de;Startseite der Lernplattform;404;j.tagge@textilreinigerberatung.de,support@lern.link
https://141549.logineonrw-lms.de;Startseite | Herzlich willkommen!;500;
https://campus.inab-jugend.de;Startseite | inab-Campus;500;campus@bfw.de
https://imc-lernplattform.de;Lernen im Industriemeister Online Campus;404;info@im-campus.de
https://moodle.graduatecenter.org;Home | Online Campus;404;
https://carbon4-uni.com;Infrarot-Universit√§t;404;info@carbon-4.com
http://andreas68.beget.tech;ISMOT Online Education;404;
https://moodle.itemspro.eu;ITEMSproject;404;
https://integrale-akademie.online;üè† Startseite | Integrale Akademie.onlineIntegrale Online Akademie;404;
http://www.imm-it.de;imm-it;404;
https://www.bildungs-portal.eu;Bildungs Portal;404;events@fondation-sne.ch
http://schulung.jumi-ab.org;jumi ‚Äì Initiative f√ºr Jugend und Migration;200;
https://moodle.iw-beratung.de;Startseite | Moodle Institut Wupperfeld;404;info@iw-beratung.de
https://khsw.biz-worms.de;Startseite | KHSW;404;3eac13b8b8f4471886e9ca013f48e717@biz-worms.de,khsw-sekretariat@biz-worms.de
https://www.kurse.kita.bayern;Startseite | Kita Hub;404;
https://www.kita-lernraum.de;Online Weiterbildung, Fortbildung, Seminare und Kurse mit Zertifikat f√ºr Erzieher in Krippe, Kita (Kita-Leitung), Hort, Schule (Lehrer) sowie Eltern;404;info@elternarbeit-sachsen.de
https://kleistschule.elearning-home.de;Startseite | Kleistschule;500;abituronline-kleistschule@web.de
https://k-b-a.elearning-home.de;Startseite | Home;500;
https://ikeb.moodlecloud.com;MoodleCloud - Site is currently suspended;404;
https://115800.logineonrw-lms.de;Startseite | Lernen auf Distanz an der GGS Niederkassel;500;
http://moodle1.wreh.eu;Kursseiten von Wolfgang Reh;404;
https://503198.logineonrw-lms.de;Startseite | J√ºlich, Zentrum f√ºr Lehrerausbildung;500;
https://learnhub.icunet.group;learnhub.icunet.group;404;learnhub@icunet.group
http://learning.dive-together.de;learning.dive-together.de;404;
https://141082.logineonrw-lms.de;Startseite | Nelson-Mandela-Schule;500;
https://kursportal.segelschule-fuerst.com;Kursportal Segelschule F√ºrst;404;info@segelschule-fuerst.de
https://laverma.eu;Startseite | LAVERMA GmbH Akademie;404;info@laverma.net
https://learntool.de;Startseite | Learntool - Plattform f√ºr e-Learning Kurse;404;thatworksmedia@gmail.com,info@thatworksmedia.com
https://www.learning-gepete.de;GEPETE-LEARNING;404;
https://kurse.schellinger-smb.de;Kurse Schellinger Social Media Beratung;404;
http://learning.1-2-3-projekte.de;learning-center 1-2-3-projekte;404;
https://lc.hoehensicherung-nordhessen.de;HSNH Lerncampus;404;
https://elearning.kultur-und-gestalt.de;Kultur & Gestalt - eLearning;404;
https://leadership-future.de;Leadership Future;404;drkatrinwinkler@gmx.de
http://lernplattform.1apflegemax24.de;Lern- und Informationsplattform von 1A Pflegemax 24h;200;
https://tfgym-duesseldorf.lms.schulon.org;Startseite | TFGmoodle;404;
https://moodle.cq-bildung.de;Startseite | moodle CQ;404;info@cq-bildung.de,s.arndt@cq-bildung.de
https://moodle.lern.link;Startseite | moodle.lern.link;404;
https://lh.erw-in.de;Startseite | E-Lern LHB;404;
https://moodle.st-anna-schule.org;Startseite | moodle@anna;404;info@st-anna.de,info@erzbistum-koeln.de,betrieblicher-datenschutz@erzbistum-koeln.de,heischkamp@st-anna.de
https://moodle.lerngalaxis.net;Startseite | LernGalaxis @ Moodle;404;lernpartner@lerngalaxis.com
https://154970.logineonrw-lms.de;Startseite | F√∂rderschule Die Gute Hand;500;
https://moodle.leo-statz-berufskolleg.de;Startseite | Moodle@Leo-Statz-Berufskolleg;404;
https://fortbildung.wundteam.com;Lernplattform des Wundteams;404;prennig@wundteam.com
https://lp.kant.de;Startseite | KantLP;404;edv@kant.de
http://moodle.fw-marsberg.de;Lernplattform der Feuerwehr Marsberg;404;
https://msm-moodle.de;Startseite | MSM-moodle.de;404;danschlag@msm-ge.de
https://schulung.infa.de;Startseite | Home;500;stratmann@infa.de,froede@infa.de
https://www.learning-centurion.de;Lernumgebung der Centurion-Brandschutz GmbH;404;
https://lernwelt.tgs-am-urbach.de;"Lernwelt der Gemeinschaftsschule ""Am Urbach""";404;kontakt@lernwelt.tgs-am-urbach.de
https://moodle.altrah.net;LMS Altrahlstedt;404;
https://moodle.informatik.tu-darmstadt.de;Startseite | Lernportal Informatik;404;Vorname.Nachname@stud.tu-darmstadt.de,moodle@rbg.informatik.tu-darmstadt.de
https://moodle.lycee-jean-renoir.de;LJR-Moodle;404;
https://moodle.simplelight-art.de;Startseite | Lerne mit Licht umzugehen;404;info@domainname.com
https://lernwelt2.t-a-nord.de;Home | TA-Nord;404;techniker@t-a-nord.de,techniker.hro@t-a-nord.de,moodle-support@techniker-fachschule.de
https://ad-bk.lms.schulon.org;Startseite | ADBK-LMS;404;
https://lernstudio-b.online;Lernstudio B online;404;
https://learn.lexis-academy.com;LexiŒ£ Academy | Learning Center;404;
https://ggym-moers.lms.schulon.org;Startseite | Grafschafter Gymnasium;404;
https://euge-epe.lms.schulon.org;Startseite | Euregio-Gesamtschule Epe;404;
https://lms3moodle.lms3.de;Home | LMS3Moodle;404;
https://rsrees.moodleschule.de;Startseite | rs-rees;404;BA@realschule-rees.de
https://set.online.uni-marburg.de;Home | MedPsych;404;
https://bgtmech1.moodle-nds.de;Startseite | MECHATRONIK;404;stefan.sayk@rlsb.de,ralf.keiser@rlsb.de
https://tms.luckys-freunde.de;Luckys mutige Freunde;404;
https://moodle.louisenlund.de;Startseite | LM;404;
https://lms.luisa-korb.de;Luisa Maria Korb - LMS;404;
https://campus.maxq.net;Startseite | online lernen mit maxQ.;500;campus@maxq.net
https://moodle.lmu.de;Zentrale Lernplattform ‚Ä¢ LMU M√ºnchen;404;
https://moodle.lmz-bw.de;Startseite | LMZ;404;
https://methodenvielfalt.moodlecloud.com;MoodleCloud - Site is currently suspended;404;
https://edu.stefan-franz.de;Startseite | Modern-Learning;404;office@stefan-franz.deImpressum
https://moodle.mathecomeback.com;Mathecomeback;404;
https://med-4-mind.de;Med-4-Mind;404;
https://moodle.molekulab.com;molekulab moodle;404;
http://moodle.lfdd.de;Espace num√©rique du lyc√©e Fran√ßais de D√ºsseldorf;404;info@moodle.lfdd.de
https://med1plus.elearning-home.de;Startseite | Ihr Partner in Sachen Notfall;500;
https://170410.logineonrw-lms.de;Startseite | Lernmanagementsystem des Landes NRW;500;
http://www.moodle.gymnasium-rodenkirchen.de;Moodle - Gymn. Rodenkirchen;404;
https://bbsfuchs.moodle-nds.de;Startseite | Martha's Moodle;404;martha-fuchs-schule@braunschweig.de
https://igs-ohz.moodle-nds.de;Startseite | Moodle;404;
https://igswhv.moodle-nds.de;Startseite | Moodle IGS WHV;404;christian.bruns@igs-whv.de
https://bk-borken.lms.schulon.org;Startseite | BKB;404;
http://www.moodle-igswhv.de;Moodle - IGS Wilhelmshaven;404;info@igs-whv.de,christian.bruns@igs-whv.de,admin@moodle-igswhv.de
https://mb-bor.lms.schulon.org;Startseite | Medienzentrum;404;
https://mba-medicaldevices.de;Home | MBA Portal;404;info@mba-medicaldevices.de
https://moodle.bs-eagt.de;Startseite | moodle BS-EAGT;404;
https://moodle.ts-umwelt.de;Startseite | moodle TS-Umwelt;404;
https://ausbildung.mediation-saar.de;Startseite | Mediation und Mediations-Aus- und Fortbildung;200;
https://moodle.hfbk-dresden.de;Startseite | Moodle - HfBK Dresden;500;
https://www.medienkurse-fuer-eltern.info;Medienkurse f√ºr Eltern;404;service@schau-hin.info
https://asrs-krefeld.lms.schulon.org;Startseite | Albert Schweitzer Realschule Krefeld;404;support1@ass-krefeld.de
https://bwv-ahaus.lms.schulon.org;Startseite | Startseite;404;
https://170197.logineonrw-lms.de;Startseite | Lernmanagementsystem des Landes NRW;500;
https://www.moodle.tum.de;Startseite | TUM;404;moodle@tum.de
https://moodle.ekalkuhl.de;Startseite | moodle am EKG;200;
https://moodle2.gesamtschule-kerpen.de;Startseite | Moodle Kerpen;404;moodlemail@gesamtschule-kerpen.de
https://moodle.gymnasium-broich.de;Startseite | Moodle;404;
https://afs-moers.lms.schulon.org;Startseite | AFG-Moodle;404;
https://moodle-bbsmuenden.de;Herzlich willkommen auf der Moodle-Plattform der BBS M√ºnden;404;
https://hhek-bonn.lms.schulon.org;Startseite | HHEK Bonn;404;
https://moodle.hm.edu;Startseite | Moodle-Lernplattform;404;
https://moodle.frederikhartmann.de;Moodle Frederik F. Hartmann;404;
https://support.moodle.tum.de;Startseite | TUM;404;moodle@tum.de
https://moodle.mes-schiffdorf.de;Moodle Max-Eyth-Schule - BBS Schiffdorf;404;
https://www.fvs-lernen.de;Startseite | FvS-Lernen;404;
https://moodle.bildungskompetenzen.de;Startseite | Bildungskompetenzen.de;200;
https://moodle.paradigma-language.com;Paradigma Language Academy;404;contact@themesalmond.com
https://moodle-guide.de;Startseite | Moodle-Guide;404;
https://moodle.franz-hitze-haus.de;moodle.franz-hitze-haus.de;404;
https://moodle.mobil-bilden.de;Startseite | moodle‚Ñ¢ auf mobil-bilden.de;404;
https://moodle.complavis.de;Startseite | moodle.complavis.de;404;
https://www.moodletreff.de;Startseite | Moodletreff;404;info@moodletreff.de
http://moodle.notes-sandbox.de;Moodle-Notes-Sandbox;404;moodle@notes-sandbox.de
https://lt.ecmes.academy;ÿßŸÑÿµŸÅÿ≠ÿ© ÿßŸÑÿ±ÿ¶Ÿäÿ≥Ÿäÿ© | ÿßŸÑŸÖÿ±ŸÉÿ≤ ÿßŸÑÿ£Ÿàÿ±ÿ®Ÿä ŸÑÿØÿ±ÿßÿ≥ÿßÿ™ ÿßŸÑÿ¥ÿ±ŸÇ ÿßŸÑÿ£Ÿàÿ≥ÿ∑;404;
https://moomet.de;Startseite | Moomet;500;info@metallakademie-nds.de
https://www.medienberatung-zfsl.de;Medienberatende ZfsL;404;
https://nl-ganz-schnell.de;Startseite | NL Ganz Schnell;404;
https://www.die-unternehmensexperten.de;OnlineAkademie;404;
https://school.mtmconsulting.de;MTM school;404;menk@mtmconsulting.de
https://obslieth.moodle-nds.de;Startseite | Liethschule;404;
https://lrs-hilfe-online.org;Startseite | LRS-Hilfe Online;404;
http://moodle.wer-weiss-was.net;Moodle an Beispielen kennenlernen;404;
https://akademie.narz-mich-nicht.de;die Narz Mich Nicht¬Æ-Akademie;404;akademie@narz-mich-nicht.de
https://die-online-musiktherapie-schule.de;"Online Schule f√ºr Musiktherapie -& Tools ";404;db@die-online-musiktherapie-schule.de
https://www.team-zierhut.de;Nachhilfeinstitut Kristina Zierhut;404;
https://moodle.qeu.de;mQEUdle;404;uwe.spielvogel@qeu.de,info@qeu.de
https://www.kurse.medienlb.de;Startseite | MedienLB Learninghub;404;contact@themesalmond.com
https://dthps-lernplattform.de;Startseite | Deutsche Heilpraktikerschule;500;
https://moodle4.de;Startseite | Moodle zum Testen;500;
https://www.lcv-carilernen.de;Startseite | Lernplattform des Landes-Caritasverbandes f√ºr Oldenburg e.V. in Vechta;404;
https://moodleweb.ksg-ev.eu;My_AkAS_Moodle;404;annette.pichler@ksg-ev.eu
https://elearning.passivehouse.com;Home | Passive House Online Training;404;
https://mzv.lmz-bw.de;Startseite | MZV;404;
https://165827.logineonrw-lms.de;Startseite | Werner-Jaeger-Gymnasium;500;medien@wjg.nrw.schule
https://www.piri-piri.academy;Startseite | Piri-Piri Academy;404;adelheid@piri-piri.consulting
http://moodle.p665547.webspaceconfig.de;Startseite | pta-interaktiv;404;
https://pam.geek237.com;Pray and Move Generation;404;
https://moodle.pflegeakademie-ruh.de;Startseite | PAR;404;
https://www.pe40.de;Potenzial - Campus;404;
https://rbz-moodle.de;Startseite | RBZ Wirtschaft . Kiel;404;
https://online-pm.de;Startseite | Projektforum Freiburg;500;
https://campus.ks-pw.de;Startseite | Campus;404;
https://moodle.ppimunich.org;PPI Munich - Moodle;404;
https://edu-moodle.dhm.mhn.de;edu-moodle;404;
https://www.pro-leader-challenge.de;Startseite | Pro Leader Challenge;404;support@support.com,success@sabineoberhardt.com
https://moodle.personality-growth.org;Startseite | Personality Growth;404;
https://moodle.pro-zukunft.de;Startseite | Home;500;
https://elearning.rwu.de;Startseite | RWU-Moodle 4.4;404;elearning@rwu.de
https://103123.logineonrw-lms.de;Startseite | Paul-Gerhardt-Schule, Krefeld-Uerdingen;500;
https://moodle.ruhr-uni-bochum.de;Startseite | RUB Moodle;404;e-assessment@rub.de,moodle@rub.de,rubel@rub.de
https://online.die-lernpartner.de;Die Lernpartner;404;
https://rgwwlg.elearning-home.de;Startseite | Startseite;500;
https://124333.logineonrw-lms.de;Startseite | Material-Quelle LMS - Lernmanagementsystem der Queller Schule;500;
https://academy.rotorsoft.de;rotorsoft Academy;404;
https://elearn.sbbstechnik.de;Startseite | SBBS Technik Gera;404;
https://lernplattform.ipma-qualifizierung.de;projektimpulse Lernplattform;404;info@projektimpulse.de
https://www.schiedsrichter-lernen.org;Startseite | SR Lernen;404;info@wuerttfv.de
https://academy.renecol.org;Renecol Academy;404;
https://portal.rbtc.de;RHEMA Bible Training Center Germany Portal;404;info@rbtc.de
https://moodle.publicone.de;Moodle - Public One GmbH;404;
https://sbkr.moodleschule.de;Startseite | Schiffer-Berufskolleg RHEIN;404;info@schiffer-bk.eu
http://ofm.mediationszentrale-saar.de;Startseite | OFM;404;
https://schulung-digital.de;Startseite | SCHULUNG-DIGITAL;404;
https://didactics.scopchanov.de;Home | SD;404;
https://189832.logineonrw-lms.de;Startseite | Lernmanagementsystem des Landes NRW;500;
https://schulung.mpz-bz.de;Startseite | Schulung MPZB;404;
https://schulung.fecg-m.de;Startseite | Schulungen;404;
https://moodle.blausegel.de;Sportbootschule Jens Hank;404;
https://selbstlernmaterial-moodle.de;selbstlernmaterial-moodle.de;404;
https://sec-uni.de;SECademy;404;
https://skechers.elearning-home.de;Startseite | SKECHERS;500;
https://schulungen.imkerschule-sh.de;Schulungsportal Landesverband Schleswig-Holsteiner und Hamburger Imker e.V.;404;info@imkerschule-sh.de
https://www.strassenpaedagogik.de;Strassenpaedagogik / Strassenschule;404;info@strassenpaedagogik.de,hartwig.weber@strassenpaedagogik.de,tobias.filian@strassenpaedagogik.de
https://systemischer-heilpraktiker-psychotherapie.de;Systemischer Heilpraktiker Psychotherapie;404;saedler@wispo.de
https://ststdlbs.moodle-nds.de;Startseite | Studienseminar Stade LbS;404;
https://pedagogia-de-calle.org;pedagogia de calle;404;info@strassenpaedagogik.de,hartwig.weber@strassenpaedagogik.de,tobias.filian@strassenpaedagogik.de
https://speyer.moodle-smartmusikschule.de;Startseite | Musikschule der Stadt Speyer;404;
http://www.sensors4all.de;"""Sensors""  by Aleksander Gurlo";404;
https://wissen.trainergy.de;Startseite | Lernwelt;404;kontakt@trainergy.de
https://moodle.tg.bkukr.de;Startseite | TG;404;
https://108534.logineonrw-lms.de;Startseite | Zweitorschule;500;
https://188130.logineonrw-lms.de;Startseite | Grundschule Am Pleiser Wald;500;
https://isis.tu-berlin.de;Startseite | ISIS;404;
https://102970.logineonrw-lms.de;Startseite | Sch√∂nwasserschule;500;
https://intra-vosd.de;Startseite | Campus;404;
https://www.teachaboutus.org;Home | Home;404;
https://moodle.uplandschule.de;Startseite | Uplandschule;404;
https://skills.acceptedjobs.com;Teaching Skills;404;
https://theresienschule-hilden.ebk-cloud.de;Startseite | Theresienschule Hilden;404;
https://www.moodlevp.de;Startseite | VEM Witucki¬Æ  - aktiv -;404;Team@VEM-Witucki.de
https://tourismuswissen.bayern;Startseite | tourismuswissen.bayern;404;info@tourismuswissen.bayern,tourismuswissen@bayern.info
https://moodle.stecrz.de;Tutor- und √úbungsmaterialien;404;stefan@stecrz.de
http://www.truetor-moodle.de;Truetor Lernplattform;404;
https://503125.logineonrw-lms.de;Startseite | Lernmanagementsystem des Landes NRW;500;
https://moodle.studiaid.de;Startseite | StudiAid;200;
https://www.farrar-imkerschule.net;Prof. Dr. C. L. Farrar Imkerschule;404;info@farrar-Imkerschule.net
https://test-of-english.com;Home | TOEFL, TOEIC;404;
https://vvps-lernplattform.de;Startseite | VVPS - Lernplattform;404;
https://www.lms-vahl.com;Home | LMS-VAHL;404;
https://128697.logineonrw-lms.de;Startseite | Bunte Schule Bochum;500;
https://190251.logineonrw-lms.de;Startseite | GHG Alsdorf (LMS);500;
https://moodle.zhh-bildungswerk.de;Startseite | ZHH - Bildungswerk - Die Fortbildungsplattform f√ºr den mittelst√§ndischen Hartwarenfachhandel;404;bildungswerk@zhh-bw.de
https://lernen.a-kd.net;Hier k√∂nnen Sie sich anmelden | lernen.a-kd.net;404;moodle@a-kd.net
https://moodle.1step.to;Hier k√∂nnen Sie sich anmelden | 1step.to;404;
https://3l-akademie.org/_Moodle;3L-Akademie.org_OnlineTraining;404;
https://moodle.zfsl-muenster.nrw.de;Startseite | Zentrum f√ºr schulpraktische Lehrerausbildung M√ºnster;404;
https://smartwebapps.de;zertifizierter Softwaretester;404;info@smartwebapps.de
https://lernbuero.johannes-selenka-schule.de;Startseite | Lernb√ºro JSS Braunschweig;404;
https://aggoe.moodle-nds.de;Hier k√∂nnen Sie sich anmelden | aggoe;404;
https://moodle.brand-university.de;Brand University E-Campus: Hier k√∂nnen Sie sich anmelden;200;
https://moodle.ahfs-detmold.de/bk;AHF Berufskolleg Detmold;404;berufskolleg@ahfs-detmold.de
https://bs-elmshorn.schul-moodle.de;Berufliche Schule Elmshorn, Europaschule: Hier k√∂nnen Sie sich anmelden;404;
https://igsfloet.moodle-nds.de;Hier k√∂nnen Sie sich anmelden | |;404;
http://www.fit-gw.de;Bildung  Beratung  Konzept: Login;404;
https://kurs.dhb-wuerttemberg.de;DHB Kurs: Hier k√∂nnen Sie sich anmelden;404;
https://vectoreu.com;VectorEU Education;200;futurelearnlab@th-luebeck.de
https://moodle.brotzeitfuerkinder.de;brotZeit e.V. - Moodle: Hier k√∂nnen Sie sich anmelden;404;
https://moodle.akademie-waldorf.de;Hier k√∂nnen Sie sich anmelden | Aus- und Weiterbildung in Mannheim;404;
https://portal.bbz-nok.de;Hier k√∂nnen Sie sich anmelden | e-learning im BBZ-NOK;404;
https://eks-pc.elearning-home.de;Hier k√∂nnen Sie sich anmelden | EKS¬Æ;500;
https://moodle.gyger-training.de;Hier k√∂nnen Sie sich anmelden | moodle.gyger-training.de;404;
https://moodle.geekinstitut.com;Se connecter sur le site | GI;404;
https://e-learning.gp-boerde.de;e-Learning Geimendep√§dagogik Region B√∂rde: Hier k√∂nnen Sie sich anmelden;404;
https://moodlesandbox.gyger-training.de;Hier k√∂nnen Sie sich anmelden | moodlesandbox.gyger-training.de;404;
https://ballmann-web.de/moodle;Moodle@BW;404;
https://www.freigeist-sh.de;Freigeist-SH: Hier k√∂nnen Sie sich anmelden;404;
https://gvl.moodle-nds.de;Hier k√∂nnen Sie sich anmelden | GvL;404;
http://www.dolibit.de/learning/moodle;dolibit;500;
https://freecampus.org/moodle;Home | FC;404;
https://test-moodle.lernerfolg.info;Hier k√∂nnen Sie sich anmelden | Test-Moodle;500;
https://nursing-learn.de;Hier k√∂nnen Sie sich anmelden | Home;500;
https://bfw-moodle.de;Hier k√∂nnen Sie sich anmelden | BFW-Moodle;404;
https://edu.bs-niebuell.de;Moodle BS Nieb√ºll: Hier k√∂nnen Sie sich anmelden;404;
https://moodle.fsr-langenau.de;Hier k√∂nnen Sie sich anmelden | Friedrich-Schiller-Realschule;404;
https://deutsch-schule-ditz.de/moodle;Startseite | Deutsch Schule Ditz;404;
https://coach.dag-klimas.de;Hier k√∂nnen Sie sich anmelden | Coaching;404;
https://grone-onlineakademie.de;Hier k√∂nnen Sie sich anmelden | Grone Online Akademie;500;
https://echolearning.de;Hier k√∂nnen Sie sich anmelden | Echo;404;
https://generationennetzwerk.eu/kurse/moodle;Startseite | Kurs- Portal;404;
https://learn.training-digital.eu;Digitales LERNHAUS: Log in to the site;404;
https://www.akademie-arbeitsfaehigkeit.de;Hier k√∂nnen Sie sich anmelden | akademie-arbeitsfaehigkeit.de;404;gutentag@gaw-wai.de
http://strauch-it.de/gympesch;Gymnasium Pesch;404;
https://academy.virtulogix.com;Virtulogix-Academy;404;
https://edu-me.de;Hier k√∂nnen Sie sich anmelden | Bildung-im-Sport /// edu-me.de;404;
https://160283.logineonrw-lms.de;Hier k√∂nnen Sie sich anmelden | Lernmanagementsystem des Landes NRW;500;
https://didws.moodle.studiumdigitale.uni-frankfurt.de/moodle;Startseite | DidWs;404;
https://campus.zulla-consulting.com;campus.: Hier k√∂nnen Sie sich anmelden;404;
https://fernlehrgang.spielraum-lernen.de;Fernlehrgang LerntherapeutIn: Hier k√∂nnen Sie sich anmelden;404;
https://www.eju-education.net;Log in to the site | eju-education.net;404;
https://moodle.dorsterfeldschule.de;Hier k√∂nnen Sie sich anmelden | Moodle der Dorsterfeldschule;404;
https://gfa-edu.de;Log in to the site | GFA;500;
https://bras-center.com/research;BRaS Research Groups (BRaS-RG);404;
https://msecon.uber.space/moodle;Home | Explaining Economics;404;
https://btz-moodle.de/moodle;Startseite | BTZ -Moodle;404;info@btz-stiftung.de
https://learning-gwr.de;Hier k√∂nnen Sie sich anmelden | Zum Dashboard;500;
https://moodle.hanse-schule.de;Hanse-Schule f√ºr Wirtschaft und Verwaltung: Hier k√∂nnen Sie sich anmelden;404;
https://deveelio.com/lms;Home | Deveelino Learning;404;demo.student@email.com,support@deveelio.com
https://gsdfeld.moodle-nds.de;Hier k√∂nnen Sie sich anmelden | GS Dietrichsfeld;404;
https://107463.logineonrw-lms.de;Startseite | Petrus-Canisius-Schule / LogineoNRW LMS;500;
https://elearning.bhv-online.de;Hier k√∂nnen Sie sich anmelden | elearning;404;
https://www.robertfreund.de/lernplattform;Dr. Robert Freund - Blended Learning Lehrg√§nge;404;info@robertfreund.de
https://accompany-change.moodlecloud.com;Log in to the site | Accompany Change Trainings;404;
https://193770.logineonrw-lms.de;Hier k√∂nnen Sie sich anmelden | Georg-Schulhoff-Realschule;500;
https://184500.logineonrw-lms.de;Hier k√∂nnen Sie sich anmelden | Lernmanagementsystem des Landes NRW;500;
https://bodhicitta.moodlecloud.com;Log in to the site | Your site;404;
https://bsgg.eu/moodle;BSGG;404;poststelle@bsgg.net
https://bsz.moodlecloud.com;Hier k√∂nnen Sie sich anmelden | BSZTW;404;
https://sts-kirchwerder.net/moodle;Grund- und Stadtteilschule Kirchwerder;404;stadtteilschule-kirchwerder@bsb.hamburg.de
https://126469.logineonrw-lms.de;Hier k√∂nnen Sie sich anmelden | Grundschule Knetterheide;500;
https://et-stun.de;LMS BSZ FBS - GET IT: Hier k√∂nnen Sie sich anmelden;404;
https://chiron.moodlecloud.com;Hier k√∂nnen Sie sich anmelden | CO;404;
https://176552.logineonrw-lms.de;Hier k√∂nnen Sie sich anmelden | Lernmanagementsystem des Landes NRW;500;
https://503411.logineonrw-lms.de;Hier k√∂nnen Sie sich anmelden | Lernmanagementsystem des Landes NRW;500;
https://164252.logineonrw-lms.de;Hier k√∂nnen Sie sich anmelden | Lernmanagementsystem des Landes NRW;500;
https://feuerwehr-lodmannshagen.moodlecloud.com;Log in to the site | Your School;404;
https://paffrath.moodlecloud.com;Hier k√∂nnen Sie sich anmelden | eLearning;404;
https://116816.logineonrw-lms.de;Hier k√∂nnen Sie sich anmelden | Katholische Grundschule Bohl;500;
https://hpl-lotz.lernerfolg.info;Hier k√∂nnen Sie sich anmelden | HPL-Lotz;500;
https://155147.logineonrw-lms.de;Hier k√∂nnen Sie sich anmelden | Lernmanagementsystem des Landes NRW;500;
https://160192.logineonrw-lms.de;Hier k√∂nnen Sie sich anmelden | Lernmanagementsystem des Landes NRW;500;
https://moodle.viewsandinsights.com;views-and-insights;404;
https://125635.logineonrw-lms.de;Hier anmelden | GS Elverdissen;500;
https://www.lernspielfeld.de;Startseite | Lernspielfeld;404;monika.lehmhagen@hfv.de,qualifizierung@hfv.de
https://100808.logineonrw-lms.de;Hier k√∂nnen Sie sich anmelden | Lernmanagementsystem des Landes NRW;500;
https://107542.logineonrw-lms.de;Hier k√∂nnen Sie sich anmelden | Lernmanagementsystem des Landes NRW;500;
https://108182.logineonrw-lms.de;Hier k√∂nnen Sie sich anmelden | Kreuzherrenschule Br√ºggen;500;
https://189820.logineonrw-lms.de;Hier k√∂nnen Sie sich anmelden | Erich K√§stner Gesamtschule;500;
https://campus.sixsigma-akademie-deutschland.de;Campus | Six Sigma Akademie Deutschland¬Æ: Log in to the site;404;
https://moodle.hbu.kreis-unna.de;HBU Moodle: Hier k√∂nnen Sie sich anmelden;404;
https://117936.logineonrw-lms.de;Hier k√∂nnen Sie sich anmelden | Lernmanagementsystem des Landes NRW;500;
https://169900.logineonrw-lms.de;Hier k√∂nnen Sie sich anmelden | Lernmanagementsystem des Europa-Gymnasiums Warstein;500;
https://164409.logineonrw-lms.de;Hier k√∂nnen Sie sich anmelden | KOBIneo;500;
https://100845.logineonrw-lms.de;Hier k√∂nnen Sie sich anmelden | GGS Richardstra√üe;500;
https://112318.logineonrw-lms.de;Hier anmelden | GGS Anna-Langohr-Schule;500;
https://113128.logineonrw-lms.de;Hier k√∂nnen Sie sich anmelden | Logineo LMS;500;
https://113918.logineonrw-lms.de;Hier k√∂nnen Sie sich anmelden | Ank√ºndigungen;500;
https://191711.logineonrw-lms.de;Hier k√∂nnen Sie sich anmelden | Lernmanagementsystem des Landes NRW;500;
https://100044.logineonrw-lms.de;Hier k√∂nnen Sie sich anmelden | Lernmanagementsystem des Landes NRW;500;
https://196101.logineonrw-lms.de;Hier k√∂nnen Sie sich anmelden | Lernmanagementsystem des Landes NRW;500;
https://workshops.competitive-intelligence.com;Unicorn - Learning Platform: Log in to the site;404;
https://hlft.eu/moodle;Home | HLFT;404;poststelle@bsgg.net,info@hlft.hessen.de
https://191802.logineonrw-lms.de;Hier anmelden | Grundschule AUF DER INSEL;500;
https://134582.logineonrw-lms.de;Hier k√∂nnen Sie sich anmelden | Franz-Hitze-Schule;500;
https://www.falbk.info/moodleFALBK;Willkommen auf den Moodleseiten des Friedrich-Albert-Lange Berufskollegs;404;
https://www.inklusions-akademie.com;Inklusions Akademie: Hier k√∂nnen Sie sich anmelden;404;
https://100028.logineonrw-lms.de;Hier k√∂nnen Sie sich anmelden | RSZ- Lernmanagementsystem des Landes NRW;500;
https://paradiesgestaltung.de/seminarraum;Kiefernet;404;
https://genres.moodlecloud.com;Hier k√∂nnen Sie sich anmelden | genres e.V;404;
https://elearning.trigonum.org;Hier k√∂nnen Sie sich anmelden | TRILearning;404;
http://hierbeck.help/Moodle;Moodle Hie;404;
https://jaw-moodle.de;Hier k√∂nnen Sie sich anmelden | JAW Moodle;404;
https://gesundheit-lebenskunst.moodlecloud.com;Hier k√∂nnen Sie sich anmelden | Gesundheit und Lebenskunst;404;
https://fvshk.moodlecloud.com;Hier k√∂nnen Sie sich anmelden | FVSHK Start;404;
https://leonidk.de/moodle;Home | {education};404;
https://www.tischler-schreiner-campus.de;Tischler Schreiner CAMPUS;404;
https://lms.ihr-strahlenschutzkurs.de;Hier k√∂nnen Sie sich anmelden | Strahlenschutzkurse 100 % Online;404;
https://ivordi-lernraum.de;Hier k√∂nnen Sie sich anmelden | iVorDi-Lernraum;404;
https://beta.tischler-schreiner-campus.de;Tischler Schreiner CAMPUS;404;
https://196228.logineonrw-lms.de;Hier k√∂nnen Sie sich anmelden | Lernmanagementsystem des Landes NRW;500;
https://wer-weiss-was.net;Interkulturelle Teamarbeit zur Weiterbildung: Hier k√∂nnen Sie sich anmelden;404;
https://campus.ior-languageacademy.com;Hier k√∂nnen Sie sich anmelden | iOR Sprachakademie;500;
https://188141.logineonrw-lms.de;Hier k√∂nnen Sie sich anmelden | HGE-Moodle;500;sb@hge-witten.de
https://115940.logineonrw-lms.de;Hier k√∂nnen Sie sich anmelden | Lernmanagementsystem des Landes NRW;500;
https://126731.logineonrw-lms.de;Hier k√∂nnen Sie sich anmelden | Grundschule Oppenwehe;500;
https://130760.logineonrw-lms.de;Hier k√∂nnen Sie sich anmelden | Lernmanagementsystem des Landes NRW;500;
https://128090.logineonrw-lms.de;Hier k√∂nnen Sie sich anmelden | Lernmanagementsystem des Landes NRW;500;
https://lernplattform.ingenieurakademie-west.de;Lernplattform Ingenieurakademie-West: Hier k√∂nnen Sie sich anmelden;404;info@ingenieurakademie-west.de
https://moodle.uni-mainz.de;Hier k√∂nnen Sie sich anmelden | Moodle;404;
https://503034.logineonrw-lms.de;Startseite | Lernmanagementsystem des Landes NRW;500;
https://100821.logineonrw-lms.de;Hier k√∂nnen Sie sich anmelden | Don Bosco Montessori Gs;500;
https://123833.logineonrw-lms.de;Hier k√∂nnen Sie sich anmelden | Lernmanagementsystem des Landes NRW;500;
https://180804.logineonrw-lms.de;Hier k√∂nnen Sie sich anmelden | Lernmanagementsystem des Landes NRW;500;
https://digital-magazin.de/e-learning;Startseite | DAM;404;
https://www.weiterbildungsakademie-digital.de;Startseite | Weiterbildungsakademie Digital;404;
https://schloss-zinneberg.lernerfolg.info;Hier k√∂nnen Sie sich anmelden | Willkommen;500;
https://www.geop.info;Datenschutzinfos;404;
https://ssl03.alldomains.hosting/kolping-bildung-digital.de;Test;404;
https://191061.logineonrw-lms.de;Hier k√∂nnen Sie sich anmelden | Lernmanagementsystem des Landes NRW;500;
https://learningen.de;Log in to the site | Learningen;404;20support@learningen.de,support@learningen.de
https://jsxgraph.uni-bayreuth.de/moodle;Home | jsxgraph;404;
https://el.dksdd.de;Hier k√∂nnen Sie sich anmelden | DKS-EL;404;
https://lagfa-nrw.elearning-home.de;Hier k√∂nnen Sie sich anmelden | Home;500;
https://moodle.lebenshilfe-nrw.net;Hier k√∂nnen Sie sich anmelden | Lebenshilfe Bildung NRW gGmbH;404;e-learning@lebenshilfe-nrw.de
http://amund.de/moodle;Lernplattform - Amund Schmidt;404;
https://unccd-capacitybuildingmarketplace.moodlecloud.com;Home | UNCCD e-learning platform;404;cbm@unccd.int
https://www.lerncenter24.de;Hier k√∂nnen Sie sich anmelden | Start;404;
https://lernplattform.khsb-berlin.de;Anmelden | Lernplattform KHSB Berlin;404;campusmanagement@khsb-berlin.de
https://komma-online.de/moodle;Startseite | KOMMA Online;404;
https://baurechtsmanager.moodlecloud.com;Log in to the site | BM;404;
https://112173.logineonrw-lms.de;Hier k√∂nnen Sie sich anmelden | Lernmanagementsystem des Landes NRW;500;
https://lernportal.bbw-gruppe.de;Lernportal bbw Gruppe: Hier k√∂nnen Sie sich anmelden;404;moodle@bbw-akademie.de
https://lernportal.bbw-hochschule.de;Hier k√∂nnen Sie sich anmelden | Lernportal bbw Hochschule;404;it-support@bbw-hochschule.de
https://165980.logineonrw-lms.de;Hier k√∂nnen Sie sich anmelden | Georg Forster Gymnasium;500;
https://imdialog.com.mx/moodle;imDialog - Deutsch lernen;404;
https://ssl02.alldomains.hosting/learning-now.eu;Institut f√ºr Lebenskompetenz;404;
https://moodle.jn-electrical-solutions.de/moodle;Startseite | moodle;404;
https://moodle.tbksolingen.de;Hier k√∂nnen Sie sich anmelden | TBK Solingen;404;
https://ssl01.alldomains.hosting/ifdus.academy;IfDuS Academy;404;
https://koonto.biz/learn/moodle;Startseite | koolms;404;
https://klstrategic.moodlecloud.com;Hier k√∂nnen Sie sich anmelden | klstrategic;404;
https://ibs.hier-online-lernen.de;Hier k√∂nnen Sie sich anmelden | Lernplattform der ibs-Gruppe;500;
https://www.lernzentrum-dorn.de/moodle;Lernzentrum Dorn;404;
https://196794.logineonrw-lms.de;Hier k√∂nnen Sie sich anmelden | LdV Lernmanagementsystem;500;
http://generationennetzwerk.eu/moodle;BRK-Onlineportal;404;
https://mathemoodle.net/moodle;Startseite | mm;404;
https://coreconsultant.moodlecloud.com;Hier k√∂nnen Sie sich anmelden | Core Consultant Basic;404;
https://140867.logineonrw-lms.de;Hier k√∂nnen Sie sich anmelden | Lernmanagementsystem des Landes NRW;500;
https://lern-und-info.de/moodle4;Startseite | Lernen. Informieren. Weiterbilden.;404;info@lern-und-info.de,admin@lern-und-info.de
https://100081.logineonrw-lms.de;Hier k√∂nnen Sie sich anmelden | Lernmanagementsystem des Landes NRW;500;
https://107621.logineonrw-lms.de;Hier k√∂nnen Sie sich anmelden | Lernmanagementsystem des Landes NRW;500;
https://zeina.moodlecloud.com;Log in to the site | moscheegera;404;
https://moodle.jotro.net;Jotros Moodle: Log in to the site;404;
https://134429.logineonrw-lms.de;Hier k√∂nnen Sie sich anmelden | Lernportal der Grundschule St. Katharina Heinsberg;500;
https://lernwerk.net/berufsschule;Startseite | Lernwerk;404;
https://109150.logineonrw-lms.de;Hier k√∂nnen Sie sich anmelden | Lernmanagementsystem des Landes NRW;500;
https://103240.logineonrw-lms.de;Hier k√∂nnen Sie sich anmelden | Lernmanagementsystem des Landes NRW;500;
http://www.bjoern-bosch.de/klassenraum;Seminarraum;404;
https://moodle.institutgauting.de;Hier k√∂nnen Sie sich anmelden | moodle.institutgauting.de;404;
https://xn--lschpapier-ecb.feuerwehr-kleve.de;L√∂schpapier Feuerwehr Kleve: Hier k√∂nnen Sie sich anmelden;404;
https://lebk.lms.schulon.org;Hier k√∂nnen Sie sich anmelden | LEBK Moodle;404;
https://erwachsenenbildung-interkulturell.de/moodle;Startseite | Moodle;404;
https://www.ville-moodle.de;Moodle am Ville-Gymnasium: Hier k√∂nnen Sie sich anmelden - Wartungsmodus;404;
https://103378.logineonrw-lms.de;Hier k√∂nnen Sie sich anmelden | Theodor Fontane Grundschule;500;
https://moodle.homocanis.de/moodle;Startseite | Lernplattform HomoCanis;404;
https://moodle.meine-lernfabrik.de;Hier k√∂nnen Sie sich anmelden | Lernfabrik;404;
https://103330.logineonrw-lms.de;Hier k√∂nnen Sie sich anmelden | Lernmanagementsystem des Landes NRW;500;
https://moodle.osz-lise-meitner.eu;Lise-Meitner-Schule Berlin: Hier k√∂nnen Sie sich anmelden;404;
https://moodle.osz2.de;Hier k√∂nnen Sie sich anmelden | osz2;404;
https://ebge-dinslaken.lms.schulon.org;Hier k√∂nnen Sie sich anmelden | Moodle der EBGS;404;digitales@ebgs.de
https://121629.logineonrw-lms.de;Hier k√∂nnen Sie sich anmelden | Lernmanagementsystem KvGS;500;
https://moodleneu.ellentalgymnasien.de/moodle;Startseite | Ellentalmoodle;404;
https://deutschlernen.moodlecloud.com;MoodleCloud - Site is currently suspended;404;
https://moodle.peutinger-gymnasium.de;Moodle des Peutinger-Gymnasiums Ellwangen: Hier k√∂nnen Sie sich anmelden;404;
https://moodle.dominikhesse.de;Wartungsmodus | moodle;404;
https://walsrode.moodle-nds.de;Hier k√∂nnen Sie sich anmelden | Lernplattform;404;
https://www.jkinformatik.de/moodle;LMS Informatikb√ºro K√ºhnlein;404;
https://medcoll.moodlecloud.com;Hier k√∂nnen Sie sich anmelden | MedColl Weiterbildung im Gesundheitswesen;404;
https://115733.logineonrw-lms.de;Hier k√∂nnen Sie sich anmelden | KGS Meckenheim Merl;500;
https://digital.mutausbruch-fuereinander-stark.de;Hier k√∂nnen Sie sich anmelden | Kitas;404;
https://moodle.zfa-net.de;Hier k√∂nnen Sie sich anmelden | Moodle der ZfA;404;
https://moodle.mugge-dinn.de/moodle;Startseite | LearningHub;404;muggedinn@icloud.com
https://ssl03.alldomains.hosting/veted-consulting.eu/moodle;veted-consulting.eu;404;
https://www.das-oswald.de/moodle;Moodle-Lernmanagement am OSWALD;404;mit@das-oswald.deWir
https://186090.logineonrw-lms.de;Hier k√∂nnen Sie sich anmelden | Gemeinschaftsgrundschule Meckenheim Merl;500;
https://166005.logineonrw-lms.de;Hier k√∂nnen Sie sich anmelden | Lernmanagementsystem des Gymnasium Adolfinum;500;
https://149548.logineonrw-lms.de;Hier k√∂nnen Sie sich anmelden | Logineo LMS;500;
https://moodle.ash-berlin.eu;Hier k√∂nnen Sie sich anmelden | moodle.ash;404;itservice@ash-berlin.eu,itservice@ASH-Berlin.eu,klenke@ash-berlin.eu,klenke@ASH-Berlin.eu
https://www.bkal.de/html/moodle;Moodle am BKAL;404;hannig@bkal.de
https://159566.logineonrw-lms.de;Hier k√∂nnen Sie sich anmelden | Lernmanagementsystem des Landes NRW;500;
https://openwuecampus.uni-wuerzburg.de/moodle;Startseite | OpenWueCampus;404;
https://moodle.phg-nuertingen.de;Hier k√∂nnen Sie sich anmelden | Moodle PHG;404;
https://www.pclkoeln-lernplattform.de;Lernplattform der PCL und ECL: Hier k√∂nnen Sie sich anmelden;404;
https://zakel.eu/moodle;Moodle;404;
https://www.das-studium.de/moodle;Startseite | OVG-BSM;404;Kontakt@Das-Studium.de,joachim.weimann@ovgu.de
https://moodle.lukasneuss.de;Startseite: Hier k√∂nnen Sie sich anmelden;404;
https://www.alex-riemer.online;Alex Riemer Online Akademie: Hier k√∂nnen Sie sich anmelden;404;
https://www.lms-pascal-thommessen.de;Pascal Thomme√üen | LMS: Hier k√∂nnen Sie sich anmelden;404;
https://44tage.com;44tage;404;support@44tage.com
https://onshore.de;onshore: Hier k√∂nnen Sie sich anmelden;404;
https://pck-mainz.de/moodle;Startseite | PCK Mainz;404;
https://197622.logineonrw-lms.de;Hier k√∂nnen Sie sich anmelden | MFG;500;
https://manuel-schramm.moodlecloud.com;Hier k√∂nnen Sie sich anmelden | My new Moodle site;404;
https://boriscepeda.org/r20;Repetitor 2.0;500;
https://renewables-online.de;Renewables Academy Online: Log in to the site;200;
https://lernen.pflegedienst-dautz.de;Hier k√∂nnen Sie sich anmelden | PDC;404;
https://dld.moodlecloud.com;Log in to the site | Your School;404;
https://rheinstud-moodle.de;Hier k√∂nnen Sie sich anmelden | rheinstud-moodle;404;
https://pharmabrain-pro.org;Pharmabrain PRO: Log in to the site - In maintenance mode;404;
https://moodle.wossidlogymnasium.de;Hier k√∂nnen Sie sich anmelden | RWG;404;mail@wossidlogymnasium.de
https://wuerdezentrum-pak-fra.moodlecloud.com;Hier k√∂nnen Sie sich anmelden | PAk-FRA@WZ;404;
http://moodle.robbyvasil.com;Robby Vasil Negotiation Training: Log in to the site;404;
https://qplusc.moodlecloud.com;Hier k√∂nnen Sie sich anmelden | Q+ Campus;404;
https://172935.logineonrw-lms.de;Hier k√∂nnen Sie sich anmelden | Lernmanagementsystem des Berufskollegs Technik Remscheid;500;
https://schuelerhilfe-kempf.de/moodle;Sch√ºlerhilfe Online;404;a.kempf@schuelerhilfe.com
https://training.silverbacklab.com/moodle;Silverback B2B Training;404;adele@silverbacklab.com
https://124771.logineonrw-lms.de;Hier k√∂nnen Sie sich anmelden | Lernmanagementsystem des Landes NRW;500;
https://peg-akademie.moodlecloud.com;Hier k√∂nnen Sie sich anmelden | PEG Akademie;404;
https://pankosmo.de;Schule f√ºr Physiotherapie Mutlangen der DAA: Hier k√∂nnen Sie sich anmelden;404;
https://ruhrmedic.moodlecloud.com;Hier k√∂nnen Sie sich anmelden | Your site;404;
https://school.fhi.mpg.de/moodle;Home | School@FHI;404;
https://nihongo-training.moodlecloud.com;Hier k√∂nnen Sie sich anmelden | Nihongo Training - Moodle;404;
https://qbbb.moodlecloud.com;Hier k√∂nnen Sie sich anmelden | QBBB;404;
https://moodle.shk-berlin.de;Hier k√∂nnen Sie sich anmelden | Komzet;500;
https://600220.logineonrw-lms.de;Hier k√∂nnen Sie sich anmelden | Moodle-Plattform f√ºr die Qualifizierung neuer QP und PM;500;
https://moodle.staufer-gymnasium.de;Hier k√∂nnen Sie sich anmelden | MSTG;404;
https://svg-lernportal.de;Hier k√∂nnen Sie sich anmelden | Start;404;
https://e-learning.vdst.de;Hier k√∂nnen Sie sich anmelden | VDST-Lernplattform;404;
https://moodle.studiumdigitale.uni-frankfurt.de/moodle;Startseite | Lernplattform von studiumdigitale;404;
https://rollladenakademie.de/moodle;Startseite | Die RS-Akademie;404;info@rollladenakademie.de,wl@loester.de
https://moodle2.sem-bs.fr.bw.schule.de;Hier k√∂nnen Sie sich anmelden | Seminar (BS) Freiburg;404;poststelle@seminar-bs-fr.kv.bwl.de,Alfred.Hansen@sbs-freiburg.de
https://moodle.seminar-tuebingen.de;Hier k√∂nnen Sie sich anmelden | Seminar T√ºbingen;404;support@seminar-tuebingen.de
https://six-sigma-europe.moodlecloud.com;Hier k√∂nnen Sie sich anmelden | PEP;404;
https://moodle.shg-kliniken.de;SHG Bildung: Hier k√∂nnen Sie sich anmelden;404;
https://moodle.vlg.lk-stade.de;Hier k√∂nnen Sie sich anmelden | VincWeb;404;
https://simplyskilled.moodlecloud.com;Log in to the site | Simply Skilled;404;
https://157650.logineonrw-lms.de;Hier k√∂nnen Sie sich anmelden | Lernmanagementsystem des Landes NRW;500;
https://e-learning.wisoak.de;Wirtschafts- und Sozialakademie: Hier k√∂nnen Sie sich anmelden;404;e-learning@wisoak.de
https://189881.logineonrw-lms.de;Hier k√∂nnen Sie sich anmelden | Regenbogenschule Kempen;500;
https://starke-basis-bw.de;Starke BASIS!: Hier k√∂nnen Sie sich anmelden;404;starke-basis-bw@zsl.kv.bwl.de,poststelle@zsl.kv.bwl.de
https://www.eks-lernen.de;Hier k√∂nnen Sie sich anmelden | eks-lernen.de;404;support@eksmail.de
https://member.thomaskarow.de/moodle;Mitgliederbereich Thomas Karow;404;
https://kurse.rampe-schule.de;Hier k√∂nnen Sie sich anmelden | BIX - Das Beschulungsprojekt von RAMPE e.V.;404;info@rampe-nbg.de
https://152171.logineonrw-lms.de;Hier k√∂nnen Sie sich anmelden | Lernmanagementsystem des Landes NRW;500;
https://134181.logineonrw-lms.de;Hier k√∂nnen Sie sich anmelden | Lernmanagementsystem des Landes NRW;500;
https://moodle.wgshi.de;Hier k√∂nnen Sie sich anmelden | WSG;500;
https://120327.logineonrw-lms.de;Hier k√∂nnen Sie sich anmelden | Lernmanagementsystem der St. Norbert-Schule Vreden;500;
https://verdas-academy.moodlecloud.com;Log in to the site | Verdas AI;404;
https://moodle.quacert.de;QUACERT Schulung: Hier k√∂nnen Sie sich anmelden;404;
https://www.tvet-solutions.com/moodle;tvet-solutions moodle-learning-site;404;
https://akademie.wjv.de;WJV Web-Akademie: Hier k√∂nnen Sie sich anmelden;404;info@wjv.de
https://189935.logineonrw-lms.de;Hier k√∂nnen Sie sich anmelden | WBG Bochum;500;
https://191553.logineonrw-lms.de;Hier k√∂nnen Sie sich anmelden | UNESCO-Schule Kamp-Lintfort;500;
https://185504.logineonrw-lms.de;Hier k√∂nnen Sie sich anmelden | Lernmanagementsystem des Landes NRW;500;
https://moodle.bildung-lsa.de/gym-einstein;Startseite | Albert-Einstein-Gymnasium Magdeburg;404;Gerloff10@gmail.com,laube.aeg@outlook.de
https://www.sergeschmid.de/moodle;sergeschmid.de;404;
https://134946.logineonrw-lms.de;Hier k√∂nnen Sie sich anmelden | Lernmanagementsystem des Landes NRW;500;
https://108571.logineonrw-lms.de;Hier k√∂nnen Sie sich anmelden | Lernmanagementsystem des Landes NRW;500;
https://akkreditierungsseminar.de/moodle;moodle@akkreditierungsseminar.de;404;moodle@akkreditierungsseminar.de
https://wemo-tec.moodlecloud.com;Hier k√∂nnen Sie sich anmelden | WEMO-tec;404;
https://109940.logineonrw-lms.de;Hier k√∂nnen Sie sich anmelden | Eine Schule f√ºr alle Kinder;500;
https://113670.logineonrw-lms.de;Hier k√∂nnen Sie sich anmelden | Logineo Wolfhelmschule;500;
https://moodle.bildung-lsa.de/digicampus;Startseite | DigiCampus;404;
https://moodle.bildung-lsa.de/bbs3-halle;Startseite | moodle-dreyhauptschule;404;
https://moodle.koeln/100071;Hier k√∂nnen Sie sich anmelden | GDM;404;
https://moodle.ausbildung-therapeutische-hypnose.de/moodle;Ausbildung Therapeutische Hypnose Moodle: Hier k√∂nnen Sie sich anmelden;404;
https://okz.de/moodle;Hier k√∂nnen Sie sich anmelden | Moodle 4.4;404;
https://elearning.yoga-vidya.de;Hier k√∂nnen Sie sich anmelden | Yoga Vidya eLearning;404;
https://moodle.bildung-lsa.de/bsz-dessau;Startseite | STARTSEITE;404;info@bsz-dessau-rosslau.de
https://108583.logineonrw-lms.de;Hier k√∂nnen Sie sich anmelden | Herzlich willkommen im Lernportal KSG Viersen;500;
http://moodle.wassersport-warendorf.de;Ausbildung beim WWV: Hier k√∂nnen Sie sich anmelden;200;
https://mo8624.schulportal.hessen.de;Startseite | Edertalschule Frankenberg;404;
https://mo3171.schulportal.hessen.de;Startseite | Freiligrathschule;404;
https://moodle.bildung-lsa.de/gs-merseburg-west;"Startseite | GS ""Otto-Lilienthal""";404;
https://moodle.bildung-lsa.de/fgo;Startseite | FGO;404;m.hausmann@gym-fallstein.bildung-lsa.deHerr,j.schoenfeld@gym-fallstein.bildung-lsa.de
https://citoc.dscloud.biz/moodle;ciT Zwickau OnlineCampus: Hier k√∂nnen Sie sich anmelden;404;
https://lernplattform.bks-portal.rlp.de;Startseite | BKS.rlp Lernplattform;404;
https://www.chi-nesisch.de/portal;CHI-NESISCH: Hier k√∂nnen Sie sich anmelden;404;
https://bbslue.moodle-nds.de;Startseite | BBS-Moodle;404;verwaltung@bbs-luechow.de
https://ecolemgs.de/moodle;Se connecter sur le site | M√§rkische Grundschule Berlin - Moodle;404;
https://kurse.kaf-akademie.de/ausbildung;Lernplattform KAF Akademie: Hier k√∂nnen Sie sich anmelden;404;support@kaf-akademie.de
https://e-hack.de/learning;Startseite | Lerne Elektronik!;404;
https://ecolemgs.de/clone;Se connecter sur le site | M√§rkische Grundschule Berlin - Moodle;404;
https://jg-rlp-sl.moodlecloud.com;ÿßŸÑÿØÿÆŸàŸÑ ÿ•ŸÑŸâ ÿßŸÑŸÖŸàŸÇÿπ | ÿßŸÑŸÖÿØÿ±ÿ≥ÿ© ÿßŸÑÿπÿ±ÿ®Ÿäÿ©;404;arabische-schule@jg-rlp-sl.de
https://lernen.h-da.de;Startseite | Kurse der Hochschule Darmstadt;404;
https://moodle.uni-jena.de;Hier k√∂nnen Sie sich anmelden | Moodle Uni Jena;200;
https://lernen.publish-ware.net;Lernen: Hier k√∂nnen Sie sich anmelden;200;
https://talk247.de;Sprachreise und Bildungsurlaub in England ‚Äì Eine andere WordPress-Site.;404;
https://moodle.hwk-berlin.de;Hier k√∂nnen Sie sich anmelden | Start;404;
https://moodle.scafutbol.com;P√°gina Principal | Scafutbol Akademie;404;
https://moodle.bildung-lsa.de/sks-schkopau;Startseite | Sek Schkopau;404;
https://ausbildung.online-trainer-lizenz.de;Online Trainer Lizenz: Hier k√∂nnen Sie sich anmelden;200;
https://moodle.bildung-lsa.de/liga;Startseite | LiGa - Lernen im Ganztag;404;
https://bigs.de/moodle;"Hier bietet BIGS-Moodle Kurse zur Begleitung durch unsere Trainer beim eigenst√§ndigen Lernen an. Zur Erlangung weiterer Informationen nutzen Sie bitte den ""Gastzugang"". Unsere Kursinhalte entnehmen Sie bitte unserer Kursliste.";200;lernhilfe@bigs.de
https://www.mind-hochschul-netzwerk.de;Startseite | MHN;404;
https://bbs-ahrweiler.eu/moodle;Moodle @ BBS Bad Neuenahr-Ahrweiler: Hier k√∂nnen Sie sich anmelden - Wartungsmodus;404;
http://moodle.upstartmusic.de;UPSTART  - Electronic Music Education: Hier k√∂nnen Sie sich einloggen;200;
https://www.mvhs-online.de;MVHS-online ‚àí Die Lernplattform der M√ºnchner Volkshochschule;404;info@mvhs.de
https://moodle.foelabas.de/moodledata;Moodle LRS Foelabas: Hier k√∂nnen Sie sich anmelden;404;
https://mr-roca.com/moodle;Mr Roca: Log in to the site;404;
https://moodle.bildung-lsa.de/sks-tangerhuette;Startseite | Gemeinschaftsschule Wilhelm Wundt;404;admin@sks-tangerhuette.bildung-lsa.de
https://moodle.sozial-holding.de;Hier k√∂nnen Sie sich anmelden | Startseite;200;
https://panda.uni-paderborn.de;Startseite | PANDA;404;imt@upb.de
https://www.german-online-courses.com/ais;Hier k√∂nnen Sie sich anmelden | PBAlem√°n;404;
https://moodle.bildung-lsa.de/pestalozzi-asl;Startseite | PestalozziASL;404;
https://optimal-systems.screen.academy;Optimal Systems | screen academy: Hier k√∂nnen Sie sich anmelden;200;
http://hdtessen.moodle-kurse.de;Startseite | HDT;500;
https://moodle1.byte-challenge.de/moodle;Startseite | BYTE;404;
https://moodle.bildung-lsa.de/sksdw;Startseite | SKSDW;404;
https://moodle.fernuni-hagen.de;Startseite | Moodle;404;helpdesk@fernuni-hagen.de
http://gm-rheinberg.lms.schulon.org;Home | ESR;404;
https://moodle.bildung-lsa.de/sks-muentzer-wernigerode;Startseite | STM Wernigerode;404;
https://elearning.fhws.de;Startseite | E-Learning@THWS;404;elearning@thws.de
http://www.brueckenschlag-moodle.de;Startseite | brueckenschlag-moodle.de;404;
https://moodle.bildung-lsa.de/gym-diesterweg;Hier k√∂nnen Sie sich anmelden | DG;404;
https://moodle.bildung-lsa.de/sks-brettin;Startseite | Sek Brettin;404;
http://moodle.vhs.digital;Die Lernplattform der VHS im Kreis Herford;404;
https://moodle.bildung-lsa.de/gts-technicus;Hier k√∂nnen Sie sich anmelden | Campus;404;
http://www.schwesternschulen.schul-moodle.de;Lernplattform der Schwesternschaft M√ºnchen vom BRK e.V.;404;
https://moodle.bildung-lsa.de/webakademie;Startseite | Webakademie;404;lisa-webakademie@sachsen-anhalt.de
https://moodle.kleyer.eu;Heinrich-Kleyer-Schule: Hier k√∂nnen Sie sich anmelden;404;
http://moodle.p344628.webspaceconfig.de;Startseite | Fototechnik;404;
http://training.eumetsat.int;HOME | EUMETSAT;404;training@eumetsat.int
http://strickademie.de;Strickademie f√ºr KlugeStrickArt;404;gabriele.kluge@strickrausch.com
http://moodle.kopernikus-gymnasium.de;Startseite | KGN;404;
https://moodle.bildung-lsa.de/pbw-asl;Startseite | FS ASL und Dr√ºbeck;404;
http://demo.oncampus.de;Oncampus Demo-Moodle v4.1;404;
https://learning.mh-stuttgart.de;E-Learning-Umgebung der HMDK Stuttgart;404;
https://04102520300.moodle.bw.schule;"Schule@BW ";404;
https://sachunterricht.moodlecloud.com;Log in to the site | Your site;404;
http://lernplattform.christophstens.de;Startseite | CS - Lernplattform;404;
https://moodle.hs-hannover.de;Hier k√∂nnen Sie sich anmelden | HsH-Moodle;404;
https://04164963190.moodle.bw.schule;"Schule@BW ";404;
https://www.krypto-im-advent.de;Startseite | Krypto-im-Advent;404;info@krypto-im-advent.de
http://moodle.jugendinfo.de;Lernraum des ServiceBureau Jugendinformation;404;medien@jugendinfo.de
https://moodle.gws-loerrach.de/moodle;Hier k√∂nnen Sie sich anmelden | Startseite;404;
https://04103652160.moodle.bw.schule;"Schule@BW ";404;
https://04101916300.moodle.bw.schule;"Schule@BW ";404;
https://terp.moodlecloud.com;MoodleCloud Maintenance;200;
https://moodle.bildung-lsa.de/gym-scholl-gardelegen;Startseite | GSG;404;
https://04102374300.moodle.bw.schule;"Schule@BW ";404;
http://tutor.schule;Startseite | tutor.schule;404;lernen@tutor.schule
https://04111740160.moodle.bw.schule;"Schule@BW ";404;
http://www.fczb-elearning.de;Startseite | FCZB: E-Learning Plattform;404;
https://www.qm-learning.de;Startseite | Organisationsberatung;500;roland.lapschiess@t-online.de,stefanie.schulz@qm-lap.de
http://moodle.papierzentrum.org;Hier k√∂nnen Sie sich anmelden | F√ñP;500;
http://moodle.de;Startseite | Moodle Info;500;
http://yoga-lehrerausbildung.de;Tripada ¬Æ E-Learning;404;
https://moodle.asg-soem.de;moodle ASG S√∂mmerda: Hier k√∂nnen Sie sich anmelden;404;felix.gebhardt@schule.thueringen.de
https://relax.reutlingen-university.de;Hier k√∂nnen Sie sich anmelden | Lernplattform RELAX;404;
https://moodle.hawk.de;Hier k√∂nnen Sie sich anmelden | HAWK;404;moodle.elearning@hawk.de
https://04102398300.moodle.bw.schule;"Schule@BW ";404;
https://04157545190.moodle.bw.schule;"Schule@BW ";404;
http://schilf.alp.dillingen.de;Startseite | SCHILF-Koordination Digitale Bildung;404;elk-support@alp.dillingen.de
https://moodle.umm.uni-heidelberg.de/moodle;Lernplattform Moodle der Medizinischen Fakult√§t Mannheim: Hier k√∂nnen Sie sich anmelden;404;
https://04107724510.moodle.bw.schule;"Schule@BW ";404;
http://acromanager1elearning.de;AcroManager eLearning;404;mail@acromanager-elearning.de
https://04120327150.moodle.bw.schule;"Schule@BW ";404;
https://04108224510.moodle.bw.schule;"Schule@BW ";404;
https://04111727160.moodle.bw.schule;"Schule@BW ";404;
https://wilesy.de;Startseite | Wislesys.de - die Lernplattform von Daniel Wiswede;404;
https://04112537150.moodle.bw.schule;"Schule@BW ";404;
https://04114480210.moodle.bw.schule;"Schule@BW ";404;
https://04145749190.moodle.bw.schule;"Schule@BW ";404;
https://moodle.leuphana.de;Startseite | moodle;404;
https://04121721190.moodle.bw.schule;"Schule@BW ";404;
https://moodle.hs-worms.de/moodle;Startseite | moodle;404;moodle@hs-worms.de,helpdesk@hs-worms.de
https://04103226300.moodle.bw.schule;"Schule@BW ";404;
https://acromanager-elearning.de;AcroManager eLearning;404;mail@acromanager-elearning.de
https://elearning.hs-fulda.de/help;Hier k√∂nnen Sie sich anmelden | HELP;404;
https://deutschleichtlernen.moodlecloud.com;Log in to the site | Deutsch leicht lernen;404;
https://prepcourse.reutlingen-university.de;Wartungsmodus | HSRT Connect;404;
https://websites.fraunhofer.de/onboarding-ff-berlin;Startseite | Online FFB;200;
https://wuecampus.uni-wuerzburg.de/moodle;Startseite | WueCampus;404;
https://04112628150.moodle.bw.schule;"Schule@BW ";404;
https://04102659300.moodle.bw.schule;"Schule@BW ";404;
https://04133358190.moodle.bw.schule;"Schule@BW ";404;
https://04120704190.moodle.bw.schule;"Schule@BW ";404;
https://04101011300.moodle.bw.schule;"Schule@BW ";404;
http://idial.iik-duesseldorf.de/moodle;IDIAL-Projekt: Online-Fortbildungen f√ºr Bulgarisch-, Deutsch-, Polnisch-, Russisch- und Slowakischlehrer. - Im Wartungsmodus;404;
http://elearn.leading-interactive.de;Hier k√∂nnen Sie sich anmelden | LEADING INTERACTIVE | LMS;404;
https://04124242190.moodle.bw.schule;"Schule@BW ";404;
https://04102908300.moodle.bw.schule;"Schule@BW ";404;
https://04124618210.moodle.bw.schule;"Schule@BW ";404;
https://mo4075.schule.hessen.de;Startseite | K√§the-Paulus-Schule;404;
https://mo3235.schule.hessen.de;Startseite | AFS, Hanau;404;
http://web189.s136.goserver.host/moodle;Rases de LMSYouTube Video;404;
http://www.ewigeslernen.de;www.ewigeslernen.de;404;
http://moodle.thp-schule.de;moodle.thp-schule.de: Hier k√∂nnen Sie sich anmelden;404;info@thp-schule.de
http://www.loodle.de;Hier k√∂nnen Sie sich anmelden | loodle;404;
https://04101990300.moodle.bw.schule;"Schule@BW ";404;
https://04114078210.moodle.bw.schule;"Schule@BW ";404;
https://04112410150.moodle.bw.schule;"Schule@BW ";404;
https://test.sinainu.de;Startseite | Sinainu.de;404;info@dasat.com
https://mo7124.schule.hessen.de;Startseite | Hupfeldschule;404;
http://moodle.donner-kern.de;Lernplattform: Moodle: Hier k√∂nnen Sie sich anmelden;404;
https://mo5128.schule.hessen.de;Startseite | Marienh√∂he;404;
https://04136578190.moodle.bw.schule;"Schule@BW ";404;
https://moodle.walter-gropius-schule.de;Hier k√∂nnen Sie sich anmelden | Moodle WGS;200;walter-gropius-schule@erfurt.de,stenger@moodle.walter-gropius-schule.de,prinz@moodle.walter-gropius-schule.de,m.prinz@walter-gropius-schule.de
https://04120315150.moodle.bw.schule;"Schule@BW ";404;
http://eworkshop.moodle-kurse.de;Hier k√∂nnen Sie sich anmelden | E-Workshop;500;
https://04112446150.moodle.bw.schule;"Schule@BW ";404;
https://04136633190.moodle.bw.schule;"Schule@BW ";404;
https://transform-academy.moodlecloud.com;Hier k√∂nnen Sie sich anmelden | transform academy;404;
http://moodle.uni-potsdam.de;Startseite | Moodle.UP;404;zim-service@uni-potsdam.de,moodle-team@uni-potsdam.de
https://pfoetchenhofpfalz.moodle.school;Startseite | PP Online Kurse;404;
https://lehrbriefe.gfs-fernkurse.de;GFS Fernkurse und Informationsveranstaltungen: Hier k√∂nnen Sie sich anmelden;404;support-gfs@pannierschulungengbr.de
https://lernportal.elkonet.de;ELKOnet-Lernwelt - Anmelden;404;
http://www.soccerdrills.de/fussballtrainer-lehrgang;Fu√üballtrainer Seminare - Fortbildung mit Online-Lehrg√§ngen;404;
https://linne.schule/moodle_clone;Startseite | Linn√©-Moodle;404;
http://www.kok-krebsgesellschaft.de/moodle;KOK Moodle;404;
https://mraelectric.moodlecloud.com;Hier k√∂nnen Sie sich anmelden | mraElectric.Com;404;
http://moodle4.werratalschule.de;Lernplattform der Werratalschule Heringen: Hier k√∂nnen Sie sich anmelden;404;info@werratalschule.de
http://moodle.msg-breisach.de/moodle;Hier k√∂nnen Sie sich anmelden | Lernumgebung des MSG;404;
https://intern.lern.link;Hier k√∂nnen Sie sich anmelden | lern.link Intern;200;
http://mo6328.schule.hessen.de;Startseite | FLS;404;moodlesupport@fls-wiesbaden.de
http://moodle.ipu-berlin.de;Startseite | IPU E-Learning;500;
https://moodle.vakservice.de;Missing cookie;500;
https://moodle.morz.de/moodle;"Schule@BW ";200;
https://www.uni-muenster.de/LearnWeb/learnweb2;Learnweb;404;learnweb@uni-muenster.de,annika.strauss@uni-muenster.de
https://moodle.tu-darmstadt.de;Startseite | Moodle TU Darmstadt;404;moodle@tu-darmstadt.de
https://mo9205.schule.hessen.de;Startseite | Lernplattform Gesamtschule Fuldatal;404;